,distance,sigma_x_A,sigma_y_A,sigma_x_B,sigma_y_B
0,10.75769431819216,3584.304641322607,3584.8931346864065,3143.1305362729336,3141.3016169554903
